序号,链接,节点数
0,https://clashnode.com/wp-content/uploads/2024/03/20240313.txt,31
1,https://nodefree.org/dy/2024/03/20240313.yaml,31
2,https://oneclash.cc/wp-content/uploads/2024/03/20240311.txt,0
3,https://v2rayshare.com/wp-content/uploads/2024/03/20240313.txt,46
4,https://wefound.cc/freenode/2024/03/20240313.txt,46
5,https://fastestcloud.xyz/api/v1/client/subscribe?token=0d714c6a1faa06dad35114006e24b556,68
6,https://gitlab.com/colloq168/nodefiltrate/-/raw/main/filtrate?ref_type=heads,15
7,https://jc.openxai.link/,5
8,https://nodefree.org/dy/2024/03/20240313.txt,46
9,https://oss.v2rayse.com/proxies/data/2024-03-13/fdpbEhb.txt,40
10,https://prop.cf/?name=paimon&client=base64,0
11,https://prop.cf/?name=paimon&client=clash,0
12,https://raw.githubusercontent.com/Alvin9999/pac2/master/clash.meta2/1/config.yaml,16
13,https://raw.githubusercontent.com/Alvin9999/pac2/master/clash.meta2/13/config.yaml,12
14,https://raw.githubusercontent.com/Alvin9999/pac2/master/clash.meta2/15/config.yaml,4
15,https://raw.githubusercontent.com/Alvin9999/pac2/master/clash.meta2/2/config.yaml,4
16,https://raw.githubusercontent.com/Alvin9999/pac2/master/clash.meta2/3/config.yaml,16
17,https://raw.githubusercontent.com/Alvin9999/pac2/master/clash.meta2/config.yaml,4
18,https://raw.githubusercontent.com/abshare/abshare.github.io/main/README.md,126
19,https://raw.githubusercontent.com/aiboboxx/v2rayfree/main/v2,80
20,https://raw.githubusercontent.com/freefq/free/master/v2,15
21,https://raw.githubusercontent.com/mianfeifq/share/main/README.md,275
22,https://raw.githubusercontent.com/mksshare/mksshare.github.io/main/README.md,137
23,https://raw.githubusercontent.com/ripaojiedian/freenode/main/clash,24
24,https://raw.githubusercontent.com/ripaojiedian/freenode/main/sub,24
25,https://v2rayshare.com/wp-content/uploads/2024/03/20240313.txt,46
26,https://vpnyyds.link/free,66
27,https://www.ckcloud.xyz/api/v1/client/subscribe?token=b5b296ba619df45fa25f7c8269869d51,57
28,https://xn--30rs3bu7r87f.com/api/v1/client/subscribe?token=612b7c3430c8484a78b6cbd613718b9d,0
29,dynamic://kkzui,23
30,dynamic://sharkdoor,6

总计,,479
